City_ID,City,Country,Date,Lat,Lng,Max Temp,Humidity,Cloudiness,Wind Speed
0,Ahipara,NZ,2023-01-31 05:47:10,-35.1667,173.1667,69.4,93,100,13.96
1,Kuvshinovo,RU,2023-01-31 05:47:10,57.0295,34.1725,30.16,88,100,14.23
2,Tuktoyaktuk,CA,2023-01-31 05:47:10,69.4541,-133.0374,-27.4,68,75,0.0
3,Ialibu,PG,2023-01-31 05:47:11,-6.2821,143.9935,64.2,92,100,2.37
4,Jamestown,US,2023-01-31 05:47:11,42.097,-79.2353,24.39,97,100,11.5
5,Frontera,MX,2023-01-31 05:43:54,26.9333,-101.45,51.19,83,93,5.41
6,Waitati,NZ,2023-01-31 05:47:11,-45.75,170.5667,67.8,73,57,8.16
7,Vetluga,RU,2023-01-31 05:47:12,57.8557,45.781,24.08,91,100,12.71
8,Khatanga,RU,2023-01-31 05:47:12,71.9667,102.5,-45.8,100,62,3.87
9,Upernavik,GL,2023-01-31 05:47:12,72.7868,-56.1549,1.98,72,100,6.6
10,Nikolskoye,RU,2023-01-31 05:47:13,59.7035,30.7861,31.91,89,100,10.98
11,Cabrobo,BR,2023-01-31 05:47:13,-8.5142,-39.31,74.12,74,33,12.71
12,Rikitea,PF,2023-01-31 05:47:13,-23.1203,-134.9692,79.59,70,50,9.53
13,Sisimiut,GL,2023-01-31 05:47:14,66.9395,-53.6735,7.38,89,100,7.23
14,Mar Del Plata,AR,2023-01-31 05:47:14,-38.0023,-57.5575,70.88,96,100,4.0
15,Kahului,US,2023-01-31 05:47:14,20.8947,-156.47,73.85,83,40,4.61
16,Kapaa,US,2023-01-31 05:47:15,22.0752,-159.319,67.1,91,100,8.05
17,Healdsburg,US,2023-01-31 05:46:03,38.6105,-122.8692,42.17,57,0,4.61
18,Dikson,RU,2023-01-31 05:47:15,73.5069,80.5464,-5.78,97,100,6.71
19,Qaanaaq,GL,2023-01-31 05:47:15,77.484,-69.3632,-4.5,44,16,9.13
20,Hobart,AU,2023-01-31 05:44:09,-42.8794,147.3294,80.28,57,20,18.41
21,Vaini,TO,2023-01-31 05:47:16,-21.2,-175.2,84.36,84,75,6.91
22,Thompson,CA,2023-01-31 05:47:16,55.7435,-97.8558,-18.24,69,0,6.91
23,Sosva,RU,2023-01-31 05:47:17,59.1766,61.8558,17.37,91,29,7.81
24,Lavrentiya,RU,2023-01-31 05:47:17,65.5833,-171.0,27.39,90,100,5.91
25,Saint Anthony,US,2023-01-31 05:45:25,45.0205,-93.218,-6.18,72,0,4.61
26,Puerto Ayora,EC,2023-01-31 05:47:17,-0.7393,-90.3518,75.54,91,95,2.91
27,Kalmunai,LK,2023-01-31 05:47:18,7.4167,81.8167,74.57,94,100,21.59
28,Carnarvon,AU,2023-01-31 05:47:18,-24.8667,113.6333,81.91,61,60,14.81
29,Grindavik,IS,2023-01-31 05:47:18,63.8424,-22.4338,32.47,74,75,31.07
30,Barrow,US,2023-01-31 05:47:19,71.2906,-156.7887,-5.78,77,0,26.46
31,Severo-Kurilsk,RU,2023-01-31 05:47:19,50.6789,156.125,24.21,57,93,16.98
32,Katangli,RU,2023-01-31 05:47:19,51.7102,143.2326,1.78,80,82,12.88
33,Mana,GF,2023-01-31 05:47:20,5.6592,-53.7767,73.72,88,19,3.02
34,Zhigalovo,RU,2023-01-31 05:47:20,54.8097,105.1578,11.25,81,96,9.1
35,Hermanus,ZA,2023-01-31 05:47:20,-34.4187,19.2345,70.81,77,18,13.94
36,Cape Town,ZA,2023-01-31 05:45:00,-33.9258,18.4232,73.11,65,0,9.22
37,Yellowknife,CA,2023-01-31 05:45:12,62.456,-114.3525,-28.44,75,0,6.91
38,Beringovskiy,RU,2023-01-31 05:47:21,63.05,179.3167,19.0,95,28,8.88
39,Atuona,PF,2023-01-31 05:47:21,-9.8,-139.0333,79.09,81,52,23.4
40,Ust-Kulom,RU,2023-01-31 05:47:22,61.6864,53.6902,18.18,94,100,10.47
41,Gat,IL,2023-01-31 05:47:22,31.61,34.7642,53.4,100,11,19.13
42,Coquimbo,CL,2023-01-31 05:47:22,-29.9533,-71.3436,64.13,88,100,6.91
43,Kavieng,PG,2023-01-31 05:47:22,-2.5744,150.7967,84.43,65,59,5.01
44,Padang,ID,2023-01-31 05:47:23,-0.9492,100.3543,87.85,70,93,6.78
45,Punta Arenas,CL,2023-01-31 05:47:23,-53.15,-70.9167,48.31,66,0,17.27
46,Abu Zabad,SD,2023-01-31 05:47:23,12.35,29.25,74.95,21,1,8.72
47,Ulaangom,MN,2023-01-31 05:44:52,49.9811,92.0667,-9.65,94,42,3.33
48,Ushuaia,AR,2023-01-31 05:48:24,-54.8,-68.3,44.26,70,20,5.75
49,Albany,US,2023-01-31 05:43:28,42.6001,-73.9662,30.04,83,96,5.35
50,Teya,RU,2023-01-31 05:48:25,60.3778,92.6267,6.06,92,100,4.85
51,Mataura,NZ,2023-01-31 05:48:25,-46.1927,168.8643,66.87,91,33,4.9
52,Poum,NC,2023-01-31 05:48:25,-20.2333,164.0167,79.07,72,10,4.27
53,Lebu,CL,2023-01-31 05:48:26,-37.6167,-73.65,56.43,88,3,16.96
54,Avarua,CK,2023-01-31 05:48:26,-21.2078,-159.775,77.05,88,75,14.97
55,Sierra Vista,US,2023-01-31 05:47:38,31.5545,-110.3037,42.93,51,0,9.22
56,Guerrero Negro,MX,2023-01-31 05:44:56,27.9769,-114.0611,57.49,70,30,7.05
57,Iqaluit,CA,2023-01-31 05:48:26,63.7506,-68.5145,-31.27,68,20,2.3
58,Trinidad,BO,2023-01-31 05:48:27,-14.8333,-64.9,71.11,98,52,4.21
59,Castro,BR,2023-01-31 05:48:18,-24.7911,-50.0119,61.88,99,94,3.6
60,Taltal,CL,2023-01-31 05:48:27,-25.4,-70.4833,65.01,82,92,1.88
61,Port Lincoln,AU,2023-01-31 05:45:15,-34.7333,135.8667,69.01,57,1,13.85
62,The Pas,CA,2023-01-31 05:48:28,53.8251,-101.2541,-11.18,77,0,9.22
63,Bandarbeyla,SO,2023-01-31 05:48:28,9.4942,50.8122,77.36,62,52,19.26
64,Arcoverde,BR,2023-01-31 05:45:00,-8.4189,-37.0539,64.67,92,92,3.89
65,Hofn,IS,2023-01-31 05:48:28,64.2539,-15.2082,36.91,91,100,13.2
66,Port Alfred,ZA,2023-01-31 05:48:29,-33.5906,26.891,67.17,92,96,5.01
67,Salalah,OM,2023-01-31 05:46:39,17.0151,54.0924,73.49,60,20,4.61
68,Butaritari,KI,2023-01-31 05:48:29,3.0707,172.7902,80.92,81,78,18.45
69,Abu Dhabi,AE,2023-01-31 05:44:07,24.4667,54.3667,65.97,78,0,5.75
70,Mangrol,IN,2023-01-31 05:48:30,21.1167,70.1167,76.6,32,4,14.32
71,Orlik,RU,2023-01-31 05:48:30,52.5178,99.825,1.2,80,35,1.52
72,Puerto Escondido,MX,2023-01-31 05:48:30,15.85,-97.0667,74.82,74,0,4.5
73,Dunedin,NZ,2023-01-31 05:46:56,-45.8742,170.5036,67.8,73,38,8.01
74,Pechenga,RU,2023-01-31 05:48:31,69.5259,31.1703,17.83,98,97,3.18
75,Luena,AO,2023-01-31 05:48:31,-11.7833,19.9167,61.81,98,100,3.71
76,Verkhnevilyuysk,RU,2023-01-31 05:48:32,63.4453,120.3167,-30.75,97,88,3.53
77,Ardino,BG,2023-01-31 05:48:32,41.5833,25.1333,32.04,78,100,2.8
78,Sambava,MG,2023-01-31 05:48:32,-14.2667,50.1667,82.98,72,4,7.47
79,Dingolfing,DE,2023-01-31 05:48:33,48.6333,12.5,37.11,82,100,13.35
80,Kawalu,ID,2023-01-31 05:48:33,-7.3817,108.2082,83.62,67,100,2.75
81,Arraial Do Cabo,BR,2023-01-31 05:48:33,-22.9661,-42.0278,76.06,85,78,26.62
82,Mukhen,RU,2023-01-31 05:48:34,48.1,136.1,7.61,76,96,9.82
83,Yulara,AU,2023-01-31 05:48:34,-25.2406,130.9889,92.26,23,76,7.23
84,Lucea,JM,2023-01-31 05:48:34,18.451,-78.1736,73.85,83,24,11.27
85,Viedma,AR,2023-01-31 05:48:34,-40.8135,-62.9967,63.95,79,79,18.57
86,Camacha,PT,2023-01-31 05:48:35,33.0833,-16.3333,54.82,58,40,8.05
87,Georgetown,MY,2023-01-31 05:48:39,5.4112,100.3354,89.53,64,20,5.75
88,Hobyo,SO,2023-01-31 05:49:35,5.3505,48.5268,78.44,60,40,22.21
89,Bluff,NZ,2023-01-31 05:49:36,-46.6,168.3333,63.54,90,47,3.58
90,Busselton,AU,2023-01-31 05:49:36,-33.65,115.3333,83.97,38,98,14.52
91,Longyearbyen,SJ,2023-01-31 05:49:36,78.2186,15.6401,17.44,62,20,14.97
92,Sadovoye,RU,2023-01-31 05:49:37,47.7764,44.5089,28.94,91,88,7.23
93,Nouakchott,MR,2023-01-31 05:47:35,18.0858,-15.9785,60.73,40,14,11.59
94,Ucluelet,CA,2023-01-31 05:49:37,48.9329,-125.5528,39.09,82,100,5.75
95,Sola,VU,2023-01-31 05:49:37,-13.8833,167.55,80.91,74,100,10.16
96,Tirukkoyilur,IN,2023-01-31 05:49:37,11.95,79.2,86.23,47,28,15.97
97,Pavilosta,LV,2023-01-31 05:49:38,56.8879,21.1859,37.31,75,70,17.11
98,Chadan,RU,2023-01-31 05:49:38,51.2833,91.5833,0.45,94,82,2.21
99,Lamu,KE,2023-01-31 05:49:38,-2.2717,40.902,79.02,78,66,9.75
100,Chernyshevskiy,RU,2023-01-31 05:49:39,63.0128,112.4714,-20.47,96,98,1.77
101,Manzhouli,CN,2023-01-31 05:49:39,49.6,117.4333,9.73,86,100,20.33
102,Hithadhoo,MV,2023-01-31 05:49:39,-0.6,73.0833,80.29,79,36,12.26
103,Dyersburg,US,2023-01-31 05:49:40,36.0345,-89.3856,31.28,94,100,6.91
104,Huilong,CN,2023-01-31 05:49:40,31.8111,121.655,55.18,41,19,6.06
105,Mezen,RU,2023-01-31 05:49:40,65.8522,44.24,23.16,95,100,12.88
106,Esperance,AU,2023-01-31 05:49:41,-33.8667,121.9,69.24,65,34,14.47
107,Soroti,UG,2023-01-31 05:49:41,1.7146,33.6111,77.43,43,12,4.65
108,Pangai,TO,2023-01-31 05:49:41,-19.8,-174.35,86.11,74,75,4.61
109,Saskylakh,RU,2023-01-31 05:49:42,71.9167,114.0833,-47.79,100,70,2.48
110,Los Llanos De Aridane,ES,2023-01-31 05:49:42,28.6585,-17.9182,56.95,75,75,11.5
111,Mwingi,KE,2023-01-31 05:49:42,-0.9344,38.0601,74.98,52,19,1.01
112,Okitipupa,NG,2023-01-31 05:49:42,6.5047,4.7839,74.66,98,100,1.52
113,Xiongyue,CN,2023-01-31 05:49:43,40.1774,122.1228,35.4,52,3,4.83
114,East London,ZA,2023-01-31 05:49:43,-33.0153,27.9116,67.14,94,100,12.66
115,Sangmelima,CM,2023-01-31 05:49:43,2.9333,11.9833,66.94,97,83,2.3
116,Caravelas,BR,2023-01-31 05:49:44,-17.7125,-39.2481,72.28,93,31,3.6
117,Korla,CN,2023-01-31 05:49:44,41.7597,86.1469,25.7,51,99,3.09
118,Kaniama,CD,2023-01-31 05:49:44,-7.5667,24.1833,67.86,95,100,4.18
119,George,ZA,2023-01-31 05:49:45,-33.963,22.4617,62.15,88,0,2.3
120,Vaitape,PF,2023-01-31 05:49:45,-16.5167,-151.75,81.54,74,43,12.97
121,Walvis Bay,NA,2023-01-31 05:45:32,-22.9575,14.5053,63.09,85,7,6.6
122,Saint George,US,2023-01-31 05:45:10,37.1041,-113.5841,28.99,54,0,4.61
123,San Cristobal,VE,2023-01-31 05:49:46,7.7669,-72.225,66.38,93,27,2.73
124,Tura,IN,2023-01-31 05:49:46,25.5198,90.2201,82.42,28,74,4.09
125,Spring Hill,US,2023-01-31 05:49:46,28.4769,-82.5255,70.23,96,100,0.0
126,Bambous Virieux,MU,2023-01-31 05:49:46,-20.3428,57.7575,85.21,78,40,0.0
127,Tasiilaq,GL,2023-01-31 05:49:47,65.6145,-37.6368,14.16,93,100,2.37
128,Marsa Matruh,EG,2023-01-31 05:49:47,31.3525,27.2453,50.2,87,40,13.8
129,Fortuna,US,2023-01-31 05:47:36,40.5982,-124.1573,37.92,84,0,11.5
130,Hilo,US,2023-01-31 05:49:47,19.7297,-155.09,73.27,96,100,3.0
131,Price,US,2023-01-31 05:50:48,39.5994,-110.8107,16.86,41,0,5.75
132,Chumikan,RU,2023-01-31 05:50:48,54.7183,135.315,-6.3,81,17,24.32
133,Bathsheba,BB,2023-01-31 05:50:48,13.2167,-59.5167,74.01,78,20,9.22
134,Bredasdorp,ZA,2023-01-31 05:50:49,-34.5322,20.0403,69.33,70,22,14.0
135,Port Elizabeth,ZA,2023-01-31 05:46:59,-33.918,25.5701,70.32,86,75,14.97
136,Geraldton,AU,2023-01-31 05:48:09,-28.7667,114.6,84.61,58,11,17.27
137,Muli,MV,2023-01-31 05:50:49,2.9167,73.5667,80.19,75,55,7.63
138,Sinnamary,GF,2023-01-31 05:50:49,5.3833,-52.95,74.28,88,72,2.59
139,Koroni,GR,2023-01-31 05:50:50,36.8,21.95,47.07,70,76,16.98
140,Eirunepe,BR,2023-01-31 05:50:50,-6.6603,-69.8736,70.9,99,100,0.49
141,Egvekinot,RU,2023-01-31 05:50:50,66.3167,-179.1667,22.8,97,100,5.91
142,Mirnyy,RU,2023-01-31 05:50:51,62.5353,113.9611,-16.33,95,100,5.75
143,Kruisfontein,ZA,2023-01-31 05:50:51,-34.0033,24.7314,64.89,78,97,10.07
144,Sayyan,YE,2023-01-31 05:50:51,15.1718,44.3244,58.82,54,2,1.77
145,Saldanha,ZA,2023-01-31 05:50:52,-33.0117,17.9442,59.05,74,2,5.5
146,Almaznyy,RU,2023-01-31 05:50:52,48.0448,40.045,33.12,95,46,6.33
147,Nishihara,JP,2023-01-31 05:50:52,26.1842,127.7558,65.86,50,0,9.22
148,Duldurga,RU,2023-01-31 05:50:53,50.6761,113.5931,12.76,65,47,21.16
149,Kavaratti,IN,2023-01-31 05:50:53,10.5669,72.642,80.1,76,96,18.9
150,Torbay,CA,2023-01-31 05:50:53,47.6666,-52.7314,32.58,96,75,8.05
151,Buraydah,SA,2023-01-31 05:50:53,26.326,43.975,61.25,58,20,16.98
152,Emerald,AU,2023-01-31 05:50:54,-23.5333,148.1667,87.35,57,97,17.31
153,Pangnirtung,CA,2023-01-31 05:50:54,66.1451,-65.7125,-27.47,98,100,2.28
154,Cabedelo,BR,2023-01-31 05:50:55,-6.9811,-34.8339,77.67,74,84,11.77
155,Faanui,PF,2023-01-31 05:50:55,-16.4833,-151.75,81.46,74,42,12.97
156,Campbell River,CA,2023-01-31 05:50:46,50.0163,-125.2446,33.46,100,75,2.3
157,Nanortalik,GL,2023-01-31 05:50:55,60.1432,-45.2371,21.34,92,100,7.43
158,Sidi Ali,DZ,2023-01-31 05:50:56,36.0998,0.4206,43.09,76,0,4.18
159,Tuatapere,NZ,2023-01-31 05:50:56,-46.1333,167.6833,69.46,75,65,3.69
160,Roald,NO,2023-01-31 05:50:56,62.5833,6.1333,37.76,75,75,11.5
161,Sitka,US,2023-01-31 05:50:29,57.0531,-135.33,37.29,87,100,8.05
162,Geneva,US,2023-01-31 05:50:57,41.8875,-88.3054,6.66,68,0,8.05
163,Airai,TL,2023-01-31 05:50:57,-8.9266,125.4092,67.1,90,100,2.17
164,Daru,PG,2023-01-31 05:50:57,-9.0763,143.2092,83.5,80,90,6.44
165,Lompoc,US,2023-01-31 05:50:57,34.6391,-120.4579,48.61,71,0,16.11
166,Beloha,MG,2023-01-31 05:50:58,-25.1667,45.05,76.48,62,86,12.75
167,Coari,BR,2023-01-31 05:50:58,-4.085,-63.1414,72.66,98,100,2.86
168,Port-Gentil,GA,2023-01-31 05:50:58,-0.7193,8.7815,73.36,100,20,3.44
169,Kodiak,US,2023-01-31 05:50:59,57.79,-152.4072,38.71,100,100,5.75
170,Muswellbrook,AU,2023-01-31 05:50:59,-32.2667,150.9,80.98,54,89,9.19
171,Whitehorse,CA,2023-01-31 05:51:00,60.7161,-135.0538,18.81,96,75,1.01
172,Nelson Bay,AU,2023-01-31 05:51:00,-32.7167,152.15,78.12,73,45,13.0
173,Lluta,PE,2023-01-31 05:51:00,-16.0147,-72.0142,49.15,95,100,4.29
174,Saint-Philippe,RE,2023-01-31 05:51:01,-21.3585,55.7679,85.12,82,56,7.78
175,Maarianhamina,AX,2023-01-31 05:51:01,60.0973,19.9348,33.66,75,0,12.66
176,Glenwood Springs,US,2023-01-31 05:51:01,39.5505,-107.3248,20.41,80,100,13.8
177,Khorramshahr,IR,2023-01-31 05:52:02,30.4397,48.1664,62.56,82,100,16.11
178,Lasa,IT,2023-01-31 05:52:02,46.6166,10.7002,29.7,79,46,8.88
179,Kaeo,NZ,2023-01-31 05:52:02,-35.1,173.7833,72.32,93,100,16.69
180,Narsaq,GL,2023-01-31 05:52:03,60.9167,-46.05,11.89,95,100,2.75
181,Berlevag,NO,2023-01-31 05:52:03,70.8578,29.0864,30.15,80,40,10.36
182,Klaksvik,FO,2023-01-31 05:52:03,62.2266,-6.589,40.12,68,73,26.62
183,Ponta Do Sol,PT,2023-01-31 05:52:04,32.6667,-17.1,60.71,56,51,6.71
184,Biak,ID,2023-01-31 05:52:04,-0.9131,122.8766,81.73,74,100,2.01
185,Colares,PT,2023-01-31 05:52:04,38.7992,-9.4469,45.9,62,0,14.0
186,Beachwood,US,2023-01-31 05:49:26,41.4645,-81.5087,23.59,84,100,20.71
187,Yumen,CN,2023-01-31 05:52:05,40.2833,97.2,27.41,24,93,6.71
188,Coihaique,CL,2023-01-31 05:52:05,-45.5752,-72.0662,44.55,76,0,2.3
189,Maputo,MZ,2023-01-31 05:52:05,-25.9653,32.5892,74.88,88,75,5.01
190,Mareeba,AU,2023-01-31 05:52:06,-17.0,145.4333,86.43,78,98,2.93
191,Alvaraes,BR,2023-01-31 05:52:06,-3.2208,-64.8042,72.21,98,93,2.86
192,Kulhudhuffushi,MV,2023-01-31 05:52:06,6.6221,73.07,80.51,76,98,12.41
193,Kasongo-Lunda,CD,2023-01-31 05:52:07,-6.4667,16.8167,69.85,91,93,0.63
194,Kyra,RU,2023-01-31 05:52:07,49.5776,111.9753,11.97,64,13,24.36
195,Haflong,IN,2023-01-31 05:52:07,25.1833,93.0333,83.1,19,2,0.36
196,Talnakh,RU,2023-01-31 05:52:08,69.4865,88.3972,2.21,97,100,11.61
197,Vardo,NO,2023-01-31 05:52:08,70.3705,31.1107,28.38,93,75,5.75
198,Lata,PT,2023-01-31 05:52:08,40.1629,-8.3327,30.07,75,0,3.87
199,Havelock,US,2023-01-31 05:52:08,34.8791,-76.9013,57.15,90,100,5.75
200,Rawson,AR,2023-01-31 05:52:09,-43.3002,-65.1023,59.5,65,20,13.56
201,Cururupu,BR,2023-01-31 05:52:09,-1.8283,-44.8683,72.63,98,98,0.78
202,Sakakah,SA,2023-01-31 05:52:09,29.9697,40.2064,54.97,56,90,6.62
203,New Norfolk,AU,2023-01-31 05:52:10,-42.7826,147.0587,79.92,25,1,4.0
204,Bridlington,GB,2023-01-31 05:52:10,54.0831,-0.1919,46.33,84,98,23.13
205,Maua,BR,2023-01-31 05:52:10,-23.6678,-46.4614,71.37,86,100,6.13
206,Maxixe,MZ,2023-01-31 05:52:11,-23.8597,35.3472,80.15,64,84,10.94
207,Jinchang,CN,2023-01-31 05:52:11,38.4953,102.1739,32.43,18,41,5.41
208,Shache,CN,2023-01-31 05:52:11,38.4167,77.2406,26.37,60,70,2.19
209,Delmas,HT,2023-01-31 05:52:12,18.5447,-72.3028,74.12,78,7,3.44
210,Vila Velha,BR,2023-01-31 05:52:12,-20.3297,-40.2925,73.35,90,40,3.44
211,Maroantsetra,MG,2023-01-31 05:52:12,-15.4333,49.7333,80.89,80,68,1.41
212,Manta,EC,2023-01-31 05:52:13,-0.95,-80.7333,78.58,83,0,1.14
213,Bethel,US,2023-01-31 05:52:13,41.3712,-73.414,43.93,82,100,3.44
214,Englehart,CA,2023-01-31 05:52:13,47.8169,-79.8664,-14.24,84,0,2.3
215,Leander,US,2023-01-31 05:48:37,30.5788,-97.8531,29.86,90,100,8.01
216,Oak Ridge,US,2023-01-31 05:49:11,36.0104,-84.2696,51.44,84,100,0.0
217,Ligayan,PH,2023-01-31 05:52:14,4.6533,119.4706,80.2,78,97,4.03
218,Ca Mau,VN,2023-01-31 05:52:14,9.1769,105.15,89.64,39,40,7.2
219,Muscle Shoals,US,2023-01-31 05:52:14,34.7448,-87.6675,48.34,93,100,3.44
220,Rio Grande,BR,2023-01-31 05:52:15,-32.035,-52.0986,73.42,85,14,3.09
221,Morondava,MG,2023-01-31 05:52:15,-20.2833,44.2833,81.64,78,50,3.33
222,Chimbote,PE,2023-01-31 05:52:15,-9.0853,-78.5783,69.98,81,98,5.03
223,Buenos Aires,AR,2023-01-31 05:51:27,-34.6132,-58.3772,75.97,84,20,10.36
224,Fairbanks,US,2023-01-31 05:49:39,64.8378,-147.7164,22.96,84,100,4.61
225,Ixtapa,MX,2023-01-31 05:53:16,20.7,-105.2,66.43,75,42,2.95
226,Matara,LK,2023-01-31 05:53:16,5.9485,80.5353,79.48,74,95,8.16
227,Harper,LR,2023-01-31 05:53:16,4.375,-7.7169,78.03,84,59,1.88
228,Panjab,AF,2023-01-31 05:53:17,34.388,67.0233,18.3,91,99,3.83
229,Goya,AR,2023-01-31 05:53:17,-29.14,-59.2626,72.77,40,0,4.09
230,Makakilo City,US,2023-01-31 05:53:17,21.3469,-158.0858,73.72,85,75,9.22
231,Pochutla,MX,2023-01-31 05:53:18,15.7432,-96.4661,75.81,68,0,3.8
232,Marzuq,YE,2023-01-31 05:53:18,14.4,46.4667,69.03,36,23,2.89
233,Mahonda,TZ,2023-01-31 05:53:18,-6.45,39.4667,82.51,73,81,7.7
234,Likasi,CD,2023-01-31 05:53:19,-10.9814,26.7333,64.09,96,100,0.54
235,Victoria Point,AU,2023-01-31 05:53:19,-27.5833,153.3,91.69,74,63,1.01
236,Gurkovo,BG,2023-01-31 05:53:19,42.6667,25.8,34.97,75,100,7.25
237,Abnub,EG,2023-01-31 05:53:20,27.2696,31.1511,48.42,42,0,8.48
238,Stornoway,GB,2023-01-31 05:53:20,58.2093,-6.3865,38.03,82,75,27.63
239,Ravar,IR,2023-01-31 05:53:20,31.2656,56.8055,58.14,30,33,7.02
240,Richards Bay,ZA,2023-01-31 05:53:21,-28.783,32.0377,75.49,85,95,9.86
241,Namibe,AO,2023-01-31 05:53:21,-15.1961,12.1522,72.43,77,100,3.98
242,Pevek,RU,2023-01-31 05:53:21,69.7008,170.3133,17.44,89,100,4.21
243,Grants,US,2023-01-31 05:53:22,35.1473,-107.8514,21.43,68,0,0.0
244,Cam Ranh,VN,2023-01-31 05:53:22,11.9214,109.1591,80.56,61,40,13.8
245,Puerto Rico,AR,2023-01-31 05:53:22,-26.796,-55.024,68.43,99,99,2.26
246,Great Bend,US,2023-01-31 05:53:22,38.3645,-98.7648,12.33,74,100,8.05
247,Mali,GN,2023-01-31 05:53:23,12.079,-12.2982,57.88,18,53,2.91
248,Mount Isa,AU,2023-01-31 05:53:23,-20.7333,139.5,82.17,74,75,1.14
249,Igarka,RU,2023-01-31 05:53:23,67.4667,86.5833,0.88,94,100,18.77
250,Douglas,US,2023-01-31 05:51:29,41.3,-96.167,4.39,76,0,0.0
251,Lerwick,GB,2023-01-31 05:53:24,60.1545,-1.1494,44.6,77,79,32.82
252,Alice Springs,AU,2023-01-31 05:53:24,-23.7,133.8833,88.21,40,100,5.75
253,Walajapet,IN,2023-01-31 05:53:24,12.9333,79.3833,85.69,45,71,14.97
254,Malartic,CA,2023-01-31 05:53:25,48.1335,-78.1328,-9.29,100,59,1.99
255,Coffs Harbour,AU,2023-01-31 05:53:25,-30.3,153.1333,75.13,94,75,5.75
256,Laguna,US,2023-01-31 05:53:25,38.421,-121.4238,46.53,39,0,11.5
257,La Paz,BO,2023-01-31 05:52:36,-16.5,-68.15,48.18,100,75,2.3
258,Chuy,UY,2023-01-31 05:53:26,-33.6971,-53.4616,67.77,95,3,2.64
259,Bengkulu,ID,2023-01-31 05:53:26,-3.8004,102.2655,83.97,69,100,8.41
260,Port Blair,IN,2023-01-31 05:53:26,11.6667,92.75,84.24,70,40,10.36
261,Naze,JP,2023-01-31 05:51:57,28.3667,129.4833,59.92,50,1,2.06
262,Pangody,RU,2023-01-31 05:53:27,65.85,74.4859,-8.43,99,93,7.65
263,Jalu,LY,2023-01-31 05:53:27,29.0331,21.5482,48.7,81,0,9.48
264,Izumo,JP,2023-01-31 05:53:27,35.3667,132.7667,44.49,61,75,10.36
265,Tonj,SS,2023-01-31 05:53:28,7.2737,28.6822,82.92,16,2,3.09
266,Narayanpet,IN,2023-01-31 05:53:28,16.7333,77.5,84.13,38,81,8.23
267,Tchollire,CM,2023-01-31 05:53:28,8.4022,14.1698,72.3,21,1,2.98
268,Hasaki,JP,2023-01-31 05:53:29,35.7333,140.8333,46.22,37,91,5.66
269,Praia Da Vitoria,PT,2023-01-31 05:53:29,38.7333,-27.0667,53.85,94,40,12.82
270,Marrakesh,MA,2023-01-31 05:53:29,31.6315,-8.0083,42.87,70,40,11.5
271,Constitucion,CL,2023-01-31 05:53:30,-35.3333,-72.4167,61.14,79,0,10.96
272,Rio Gallegos,AR,2023-01-31 05:53:30,-51.6226,-69.2181,50.05,57,0,9.22
273,Ancud,CL,2023-01-31 05:53:30,-41.8697,-73.8203,46.99,76,0,4.94
274,Svetlaya,RU,2023-01-31 05:54:30,46.5389,138.3297,15.21,49,0,4.32
275,Westport,US,2023-01-31 05:54:31,41.1415,-73.3579,46.56,86,41,1.99
276,Verkh-Suetka,RU,2023-01-31 05:54:31,53.3,80.05,3.13,89,64,4.72
277,Morgan City,US,2023-01-31 05:54:31,29.6994,-91.2068,68.0,100,100,0.0
278,Ulladulla,AU,2023-01-31 05:54:32,-35.35,150.4667,73.63,67,57,12.68
279,Serpa,PT,2023-01-31 05:54:32,37.9458,-7.5975,39.16,72,0,7.02
280,Souillac,MU,2023-01-31 05:54:32,-20.5167,57.5167,82.78,78,40,0.0
281,Bidor,MY,2023-01-31 05:54:33,4.1139,101.2884,84.45,67,100,1.68
282,Blagoyevo,RU,2023-01-31 05:54:33,63.3667,47.9167,22.26,93,100,12.86
283,Kitimat,CA,2023-01-31 05:50:33,54.0524,-128.6534,30.9,31,100,2.04
284,Solnechnyy,RU,2023-01-31 05:54:33,50.7214,136.6319,-3.1,92,67,4.72
285,Mayor Pablo Lagerenza,PY,2023-01-31 05:54:34,-19.9309,-60.7718,73.54,93,80,6.35
286,Cidreira,BR,2023-01-31 05:54:34,-30.1811,-50.2056,73.51,92,3,10.89
287,Chenzhou,CN,2023-01-31 05:54:34,25.8,113.0333,70.72,31,0,8.9
288,Aklavik,CA,2023-01-31 05:54:35,68.2191,-135.0107,-31.56,100,28,1.5
289,Alta Floresta,BR,2023-01-31 05:54:35,-9.8756,-56.0861,68.9,99,97,2.84
290,Basco,PH,2023-01-31 05:54:35,20.4487,121.9702,70.95,64,16,22.77
291,Port Hardy,CA,2023-01-31 05:54:36,50.6996,-127.4199,35.78,75,100,5.75
292,Galesong,ID,2023-01-31 05:54:36,-5.3166,119.3661,84.22,78,100,9.13
293,Isangel,VU,2023-01-31 05:54:36,-19.55,169.2667,82.09,75,100,3.11
294,Dire Dawa,ET,2023-01-31 05:54:37,9.5931,41.8661,69.94,53,7,4.05
295,Mahebourg,MU,2023-01-31 05:54:37,-20.4081,57.7,85.24,78,40,0.0
296,Cayenne,GF,2023-01-31 05:51:07,4.9333,-52.3333,73.44,100,75,2.3
297,Berdyaush,RU,2023-01-31 05:54:37,55.1619,59.1464,22.19,83,100,5.64
298,Bilibino,RU,2023-01-31 05:54:38,68.0546,166.4372,0.0,99,59,6.51
299,Teguise,ES,2023-01-31 05:51:10,29.0605,-13.564,53.82,67,0,8.05
300,Sulangan,PH,2023-01-31 05:54:38,11.1373,123.7228,80.42,80,57,12.21
301,Mitsamiouli,KM,2023-01-31 05:54:38,-11.3847,43.2844,82.17,72,7,4.14
302,Komsomolskiy,UZ,2023-01-31 05:54:39,40.4272,71.7189,36.32,64,93,2.3
303,Auki,SB,2023-01-31 05:54:39,-8.7676,160.7034,82.83,73,94,5.66
304,Kota Kinabalu,MY,2023-01-31 05:54:39,5.9749,116.0724,87.78,74,20,3.44
305,La Ronge,CA,2023-01-31 05:54:40,55.1001,-105.2842,-12.78,76,40,8.05
306,Saint-Georges,GD,2023-01-31 05:54:40,12.0564,-61.7485,71.28,88,20,0.0
307,Zaozerne,UA,2023-01-31 05:54:40,45.1582,33.2787,39.65,63,100,9.01
308,Kungurtug,RU,2023-01-31 05:54:40,50.5994,97.5228,8.53,86,78,1.79
309,Eyl,SO,2023-01-31 05:54:41,7.9803,49.8164,77.74,58,11,20.13
310,Tandil,AR,2023-01-31 05:54:41,-37.3217,-59.1332,67.68,87,0,4.23
311,Adrar,MR,2023-01-31 05:54:41,20.5022,-10.0711,56.3,33,72,8.03
312,Ikwiriri,TZ,2023-01-31 05:54:42,-7.9562,38.9716,83.37,71,53,3.15
313,Kamenka,RU,2023-01-31 05:54:42,51.3223,42.7678,29.19,97,97,8.25
314,Kindu,CD,2023-01-31 05:54:42,-2.95,25.95,69.42,89,76,2.21
315,Luzhou,CN,2023-01-31 05:54:43,28.8724,105.4405,63.97,38,0,1.19
316,Alofi,NU,2023-01-31 05:52:10,-19.0595,-169.9187,78.69,89,100,2.3
317,Miri,MY,2023-01-31 05:54:43,4.4148,114.0089,87.94,70,40,4.61
318,Lichinga,MZ,2023-01-31 05:54:43,-13.3128,35.2406,64.49,100,75,9.22
319,Mata,PT,2023-01-31 05:54:44,40.683,-7.4592,33.76,78,0,4.45
320,Suba,PH,2023-01-31 05:54:44,10.8438,121.0102,79.77,83,97,23.67
321,Santo Amaro Da Imperatriz,BR,2023-01-31 05:55:44,-27.6881,-48.7786,78.62,99,94,3.22
322,Kathmandu,NP,2023-01-31 05:55:45,27.7167,85.3167,68.22,42,20,3.44
323,Kutum,SD,2023-01-31 05:55:45,14.2,24.6667,70.59,14,4,3.53
324,Godim,PT,2023-01-31 05:55:45,41.171,-7.803,37.65,71,0,3.38
325,Margate,GB,2023-01-31 05:53:08,51.3813,1.3862,41.88,82,57,4.0
326,Goderich,CA,2023-01-31 05:55:46,43.7501,-81.7165,19.9,62,100,13.8
327,Turtas,RU,2023-01-31 05:55:46,58.9417,69.1325,13.96,93,98,7.05
328,Codrington,AU,2023-01-31 05:55:46,-38.2667,141.9667,67.37,53,24,12.17
329,Bereznik,RU,2023-01-31 05:55:47,62.8551,42.7072,29.59,89,100,11.21
330,Nador,MA,2023-01-31 05:55:47,35.174,-2.9287,53.85,76,40,4.61
331,Segovia,ES,2023-01-31 05:55:47,41.1667,-4.0,32.43,80,2,3.31
332,Moundou,TD,2023-01-31 05:55:47,8.5667,16.0833,75.81,21,1,4.05
333,Phuket,TH,2023-01-31 05:55:48,8.0,98.25,86.22,62,20,13.8
334,Kantemirovka,RU,2023-01-31 05:55:48,49.7089,39.8592,32.4,99,100,4.47
335,Ewa Beach,US,2023-01-31 05:55:48,21.3156,-158.0072,76.95,85,75,9.22
336,Vila,PT,2023-01-31 05:55:49,42.0304,-8.1588,27.48,59,0,2.91
337,Ribeira Grande,PT,2023-01-31 05:55:49,38.5167,-28.7,56.77,79,73,4.0
338,Lypova Dolyna,UA,2023-01-31 05:55:49,50.5643,33.7979,25.56,90,85,8.14
339,Murgab,TM,2023-01-31 05:55:50,37.4966,61.9714,44.47,65,0,11.5
340,Washington,US,2023-01-31 05:53:37,47.5001,-120.5015,18.57,72,100,1.07
341,Mount Gambier,AU,2023-01-31 05:55:50,-37.8333,140.7667,69.84,46,11,9.62
342,Matui,TZ,2023-01-31 05:55:50,-4.8,38.25,76.5,56,12,1.9
343,Nautla,MX,2023-01-31 05:55:51,20.2167,-96.7833,70.92,92,0,7.18
344,Turukhansk,RU,2023-01-31 05:55:51,65.8167,87.9833,4.42,93,100,14.88
345,Szabadszallas,HU,2023-01-31 05:55:51,46.8758,19.2232,35.78,90,44,20.11
346,Mosquera,CO,2023-01-31 05:55:52,4.7059,-74.2302,50.09,93,20,2.3
347,Meulaboh,ID,2023-01-31 05:55:52,4.1363,96.1285,84.31,70,96,4.72
348,Chokurdakh,RU,2023-01-31 05:55:52,70.6333,147.9167,10.29,95,100,8.66
349,Malchevskaya,RU,2023-01-31 05:55:52,49.0552,40.3625,30.02,96,73,5.55
350,Shingu,JP,2023-01-31 05:55:53,33.7333,135.9833,49.19,38,3,6.2
351,Loandjili,CG,2023-01-31 05:55:53,-4.7561,11.8578,73.51,100,20,2.3
352,Kayerkan,RU,2023-01-31 05:55:53,69.3497,87.7602,1.53,77,100,8.79
353,Jumla,NP,2023-01-31 05:55:54,29.2747,82.1838,53.22,27,17,5.03
354,Tyumentsevo,RU,2023-01-31 05:55:54,53.3224,81.498,7.68,85,54,5.28
355,Kasimov,RU,2023-01-31 05:55:54,54.9411,41.3953,22.12,91,100,13.22
356,Tibati,CM,2023-01-31 05:55:55,6.4667,12.6333,63.45,42,5,1.95
357,Tiksi,RU,2023-01-31 05:55:55,71.6872,128.8694,-15.65,98,100,9.42
358,Muzhi,RU,2023-01-31 05:55:55,65.3667,64.6667,-10.14,100,76,3.94
359,Salsomaggiore Terme,IT,2023-01-31 05:55:55,44.8148,9.9796,31.91,89,6,3.0
360,Kaitangata,NZ,2023-01-31 05:55:56,-46.2817,169.8464,64.74,90,15,10.07
361,San Patricio,US,2023-01-31 05:55:56,28.017,-97.5169,44.46,84,100,11.7
362,Pisco,PE,2023-01-31 05:55:56,-13.7,-76.2167,69.85,88,0,6.91
363,Tilichiki,RU,2023-01-31 05:55:57,60.4667,166.1,8.38,96,65,3.83
364,Muhlacker,DE,2023-01-31 05:55:57,48.95,8.8333,36.81,92,96,7.72
365,Yuanping,CN,2023-01-31 05:55:57,38.7153,112.7575,45.63,12,2,8.79
366,Trelew,AR,2023-01-31 05:55:58,-43.249,-65.3051,58.71,66,13,11.88
367,Nemours,FR,2023-01-31 05:55:58,48.2751,2.6908,41.38,96,17,4.54
368,Jining,CN,2023-01-31 05:56:58,35.405,116.5814,57.58,28,1,3.09
369,Erenhot,CN,2023-01-31 05:56:59,43.6475,111.9767,19.99,56,1,21.9
370,Husavik,IS,2023-01-31 05:56:59,66.0449,-17.3389,27.9,89,100,31.45
371,Rabaul,PG,2023-01-31 05:56:59,-4.1967,152.1721,84.45,70,97,11.68
372,Zhongxing,CN,2023-01-31 05:56:59,33.7039,118.6792,59.18,27,2,5.08
373,Touros,BR,2023-01-31 05:57:00,-5.1989,-35.4608,79.48,73,100,14.54
374,Tatarsk,RU,2023-01-31 05:57:00,55.219,75.9828,3.34,93,61,6.17
375,Bull Savanna,JM,2023-01-31 05:57:00,17.8868,-77.5902,70.39,85,18,4.83
376,Karratha,AU,2023-01-31 05:57:01,-20.7377,116.8463,93.27,48,53,15.61
377,Texarkana,US,2023-01-31 05:57:01,33.4251,-94.0477,37.62,90,100,9.22
378,Xinqing,CN,2023-01-31 05:57:01,48.2333,129.5,12.51,65,39,6.4
379,Vagur,FO,2023-01-31 05:57:02,61.4732,-6.8119,41.56,70,85,33.46
380,Leningradskiy,RU,2023-01-31 05:57:02,69.3833,178.4167,12.7,95,100,10.65
381,Redmond,US,2023-01-31 05:57:02,47.674,-122.1215,36.41,77,99,3.0
382,Inhambane,MZ,2023-01-31 05:57:02,-23.865,35.3833,80.1,65,84,11.61
383,Teberda,RU,2023-01-31 05:57:03,43.4456,41.7448,28.54,66,88,3.65
384,Norman Wells,CA,2023-01-31 05:57:03,65.282,-126.8329,-12.96,77,75,6.91
385,Tonantins,BR,2023-01-31 05:57:03,-2.8731,-67.8022,70.88,99,99,1.97
386,Alfred,US,2023-01-31 05:56:22,42.2542,-77.7906,26.02,94,100,5.01
387,Orikhiv,UA,2023-01-31 05:57:04,47.5673,35.7858,28.96,80,58,4.59
388,Laatzen,DE,2023-01-31 05:57:04,52.3167,9.8,40.06,87,75,10.36
389,Proletariy,RU,2023-01-31 05:57:04,58.4342,31.7046,32.79,98,100,13.87
390,Varkaus,FI,2023-01-31 05:57:05,62.3153,27.873,26.31,93,100,12.53
391,Gizo,SB,2023-01-31 05:57:05,-8.103,156.8419,84.38,64,96,2.24
392,Tynda,RU,2023-01-31 05:57:05,55.1667,124.7167,0.55,85,74,3.02
393,Maryville,US,2023-01-31 05:55:05,35.7565,-83.9705,52.27,97,100,3.8
394,Guayabetal,CO,2023-01-31 05:57:06,4.2147,-73.8172,63.75,81,74,4.88
395,Udachnyy,RU,2023-01-31 05:57:06,66.4167,112.4,-31.56,66,97,3.8
396,Acarau,BR,2023-01-31 05:57:06,-2.8856,-40.12,77.52,84,36,8.46
397,Ayan,RU,2023-01-31 05:57:07,56.45,138.1667,-4.7,68,70,8.28
398,Palu,ID,2023-01-31 05:57:07,-0.8917,119.8707,86.05,65,100,2.21
399,Belize,BZ,2023-01-31 05:57:07,17.25,-88.75,71.92,99,33,1.1
400,Karatuzskoye,RU,2023-01-31 05:57:07,53.6072,92.8667,17.87,88,100,2.82
401,Tessalit,ML,2023-01-31 05:57:08,20.1986,1.0114,51.03,16,51,9.84
402,Koutiala,ML,2023-01-31 05:57:08,12.3917,-5.4642,66.47,10,62,8.61
403,Yenagoa,NG,2023-01-31 05:57:08,4.9247,6.2642,78.4,88,100,3.96
404,Victoria,HK,2023-01-31 05:56:23,22.2855,114.1577,68.38,55,97,8.01
405,Magnor,SE,2023-01-31 05:57:09,59.9511,12.1996,28.13,77,81,0.83
406,Gatton,AU,2023-01-31 05:57:09,-27.55,152.2833,91.42,64,75,6.53
407,Havre-Saint-Pierre,CA,2023-01-31 05:57:09,50.2334,-63.5986,6.8,72,0,14.97
408,Shelburne,CA,2023-01-31 05:57:10,44.0787,-80.2041,16.56,89,97,10.22
409,Bealanana,MG,2023-01-31 05:57:10,-14.55,48.7333,75.6,76,30,2.89
410,Gimbi,ET,2023-01-31 05:57:10,9.1667,35.8333,69.66,28,40,2.24
411,La Plata,AR,2023-01-31 05:57:11,-34.9215,-57.9545,74.82,86,0,5.21
412,Clyde River,CA,2023-01-31 05:57:11,70.4692,-68.5914,-16.37,83,100,6.91
413,Ternate,ID,2023-01-31 05:57:11,0.8,127.4,77.9,87,100,5.77
414,Cairns,AU,2023-01-31 05:56:41,-16.9167,145.7667,90.07,76,100,8.05
415,Batavia,US,2023-01-31 05:57:12,41.85,-88.3126,6.28,69,11,1.99
416,Sisophon,KH,2023-01-31 05:58:12,13.5859,102.9737,87.06,30,42,3.02
417,Cocobeach,GA,2023-01-31 05:58:12,1.0002,9.5823,74.26,85,99,6.96
418,Newport,GB,2023-01-31 05:56:09,51.5877,-2.9984,48.45,92,100,17.13
419,Grantham,GB,2023-01-31 05:58:13,52.9115,-0.6418,44.69,87,75,24.16
420,Mantua,IT,2023-01-31 05:58:13,45.1667,10.7833,32.61,81,3,1.07
421,Chivilcoy,AR,2023-01-31 05:58:13,-34.8957,-60.0167,64.08,87,0,5.91
422,Muvattupula,IN,2023-01-31 05:58:14,9.9667,76.5833,89.35,48,91,2.42
423,Rumoi,JP,2023-01-31 05:58:14,43.9344,141.6428,23.5,74,99,15.66
424,Ishinomaki,JP,2023-01-31 05:58:14,38.4167,141.3,39.2,53,73,19.84
425,Findhorn,GB,2023-01-31 05:58:15,57.6572,-3.6085,42.33,79,40,20.71
426,Sao Gabriel Da Cachoeira,BR,2023-01-31 05:58:15,-0.1303,-67.0892,71.71,98,99,1.05
427,Akyab,MM,2023-01-31 05:58:15,20.15,92.9,78.71,44,0,7.25
428,Perth,AU,2023-01-31 05:57:24,-31.9333,115.8333,98.02,40,0,13.8
429,Sooke,CA,2023-01-31 05:58:16,48.3746,-123.7276,36.97,75,100,2.59
430,San Quintin,MX,2023-01-31 05:58:16,30.4833,-115.95,53.01,79,90,3.91
431,Sao Joao Da Barra,BR,2023-01-31 05:58:16,-21.6403,-41.0511,75.49,87,72,17.11
432,Palmares Do Sul,BR,2023-01-31 05:58:17,-30.2578,-50.5097,72.14,90,0,8.19
433,Valkeala,FI,2023-01-31 05:58:17,60.9401,26.7979,28.8,86,75,11.5
434,Gigmoto,PH,2023-01-31 05:58:18,13.7796,124.39,78.26,85,89,16.71
435,Xuanhua,CN,2023-01-31 05:58:18,40.6103,115.0447,38.55,22,0,21.59
436,Port Keats,AU,2023-01-31 05:58:18,-14.25,129.55,86.2,71,96,12.26
437,Nouadhibou,MR,2023-01-31 05:58:19,20.931,-17.0347,58.98,67,58,21.85
438,Tocopilla,CL,2023-01-31 05:58:19,-22.092,-70.1979,70.45,80,100,0.85
439,Tulare,US,2023-01-31 05:54:26,36.2666,-118.8009,37.94,87,42,6.17
440,Khani,GE,2023-01-31 05:58:19,41.9563,42.9566,24.37,62,57,4.05
441,Saint-Augustin,CA,2023-01-31 05:58:20,51.226,-58.6502,7.16,92,100,2.82
442,Aripuana,BR,2023-01-31 05:58:20,-9.1667,-60.6333,71.31,99,98,2.39
443,Cockburn Town,TC,2023-01-31 05:58:20,21.4612,-71.1419,77.72,73,33,22.35
444,Vichy,FR,2023-01-31 05:58:21,46.25,3.5833,36.5,98,100,1.25
445,Pahrump,US,2023-01-31 05:58:08,36.2083,-115.9839,37.26,49,53,7.0
446,Progreso,MX,2023-01-31 05:58:21,21.2833,-89.6667,73.11,81,0,10.89
447,Itoman,JP,2023-01-31 05:58:21,26.1247,127.6694,66.4,48,20,9.22
448,Yerbogachen,RU,2023-01-31 05:58:22,61.2767,108.0108,-9.35,96,73,6.62
449,Nalut,LY,2023-01-31 05:58:22,30.3333,10.85,37.18,66,0,6.62
450,Kangaatsiaq,GL,2023-01-31 05:58:22,68.3065,-53.4641,4.84,90,100,12.26
451,Jiupu,CN,2023-01-31 05:58:23,41.0667,122.95,35.73,45,12,6.42
452,Rio Pomba,BR,2023-01-31 05:58:23,-21.2747,-43.1792,68.05,94,86,2.55
453,Caarapo,BR,2023-01-31 05:58:23,-22.6342,-54.8222,68.56,98,97,4.56
454,Visnes,NO,2023-01-31 05:58:24,59.3556,5.2242,36.21,93,75,9.22
455,Port Augusta,AU,2023-01-31 05:58:24,-32.5,137.7667,80.29,38,0,17.83
456,Belmonte,BR,2023-01-31 05:58:24,-15.8631,-38.8828,74.59,80,10,1.68
457,Tombouctou,ML,2023-01-31 05:58:25,20.0,-3.0,50.83,18,38,11.36
458,Yar-Sale,RU,2023-01-31 05:58:25,66.8333,70.8333,-11.74,99,52,7.07
459,Bukachacha,RU,2023-01-31 05:58:25,52.9833,116.9167,9.95,69,100,8.37
460,Aswan,EG,2023-01-31 05:58:26,24.0934,32.907,60.1,41,0,11.5
461,Swan River,CA,2023-01-31 05:58:26,52.1058,-101.2676,-16.71,69,12,13.8
462,Dennery,LC,2023-01-31 05:59:26,13.8996,-60.8879,73.49,92,40,9.22
463,Samarai,PG,2023-01-31 05:59:27,-10.6167,150.6667,86.32,71,62,9.37
464,Nome,US,2023-01-31 05:56:57,64.5011,-165.4064,27.1,93,100,3.44
465,Coahuayana,MX,2023-01-31 05:59:27,18.7333,-103.6833,68.72,92,2,3.58
466,Ketchikan,US,2023-01-31 05:59:27,55.3422,-131.6461,33.78,99,100,5.77
467,Emba,KZ,2023-01-31 05:59:28,48.8264,58.1442,10.78,85,18,4.54
468,Kuah,MY,2023-01-31 05:59:28,6.3265,99.8432,87.78,55,20,14.97
469,Riyadh,SA,2023-01-31 05:54:33,24.6877,46.7219,57.34,30,17,8.34
470,Tabuk,PH,2023-01-31 05:59:28,17.4189,121.4443,74.89,75,95,6.33
471,Cabo San Lucas,MX,2023-01-31 05:54:57,22.8909,-109.9124,68.5,68,99,1.01
472,Marijampole,LT,2023-01-31 05:59:29,54.5667,23.35,33.57,89,96,13.15
473,Grand Gaube,MU,2023-01-31 05:59:29,-20.0064,57.6608,85.37,72,32,1.99
474,Hay River,CA,2023-01-31 05:59:30,60.8156,-115.7999,-16.62,76,40,5.75
475,Port Moresby,PG,2023-01-31 05:55:31,-9.4431,147.1797,89.02,66,75,11.5
476,Chabahar,IR,2023-01-31 05:59:30,25.2919,60.643,68.56,57,0,3.8
477,Ormara,PK,2023-01-31 05:59:30,25.2088,64.6357,70.27,45,0,11.14
478,Fomboni,KM,2023-01-31 05:59:31,-12.28,43.7425,81.5,74,30,1.39
479,Palana,RU,2023-01-31 05:59:31,59.1167,159.9667,19.72,93,100,24.7
480,Praxedis Guerrero,MX,2023-01-31 05:59:31,31.3667,-106.0167,54.54,29,88,6.15
481,Tiarei,PF,2023-01-31 05:59:32,-17.5333,-149.3333,82.42,77,12,14.72
482,Natal,BR,2023-01-31 05:59:32,-5.795,-35.2094,79.02,73,40,10.36
483,Quatre Cocos,MU,2023-01-31 05:59:33,-20.2078,57.7625,85.08,70,26,5.3
484,Omboue,GA,2023-01-31 05:59:33,-1.5746,9.2618,76.12,87,100,3.11
485,Weston,US,2023-01-31 05:55:35,26.1004,-80.3998,77.02,91,2,6.15
486,Neuquen,AR,2023-01-31 05:59:33,-38.9516,-68.0591,67.89,49,0,11.5
487,Wladyslawowo,PL,2023-01-31 05:59:34,54.7909,18.4009,38.55,77,5,21.52
488,Salinopolis,BR,2023-01-31 05:59:34,-0.6136,-47.3561,75.22,90,99,4.47
489,Vestmannaeyjar,IS,2023-01-31 05:59:34,63.4427,-20.2734,39.83,86,98,20.0
490,Luderitz,NA,2023-01-31 05:59:34,-26.6481,15.1594,61.88,83,3,5.26
491,Paamiut,GL,2023-01-31 05:59:35,61.994,-49.6678,16.23,90,100,11.36
492,Bossangoa,CF,2023-01-31 05:59:35,6.4926,17.4552,77.36,43,1,3.53
493,Zhigansk,RU,2023-01-31 05:59:35,66.7697,123.3711,-40.95,95,71,6.11
494,Warka,PL,2023-01-31 05:59:36,51.7843,21.1909,37.27,80,97,17.07
495,College,US,2023-01-31 05:59:36,64.8569,-147.8028,20.08,95,98,4.56
496,San Rafael,AR,2023-01-31 05:59:36,-34.6177,-68.3301,81.73,41,32,5.32
497,Odder,DK,2023-01-31 05:58:36,55.9731,10.153,38.23,85,97,12.08
498,Smithers,CA,2023-01-31 05:56:51,54.7804,-127.1743,14.32,67,100,3.44
499,Bollnas,SE,2023-01-31 05:59:37,61.3482,16.3946,30.6,77,3,11.59
500,Watrous,CA,2023-01-31 05:59:37,51.6668,-105.4679,-13.22,77,16,5.75
501,Portales,US,2023-01-31 05:59:37,34.1862,-103.3344,23.32,88,21,11.07
502,Central Point,US,2023-01-31 05:58:12,42.376,-122.9164,34.11,52,5,3.51
503,Vila Franca Do Campo,PT,2023-01-31 05:59:38,37.7167,-25.4333,55.81,83,100,9.01
504,Forbes,AU,2023-01-31 05:59:38,-33.3833,148.0167,91.92,23,21,13.6
505,Cervo,ES,2023-01-31 05:59:38,43.6702,-7.4101,42.8,83,11,4.59
506,Provideniya,RU,2023-01-31 05:59:39,64.3833,-173.3,27.07,93,100,3.62
507,Mehamn,NO,2023-01-31 06:00:39,71.0357,27.8492,30.11,93,40,4.61
508,Abapo,BO,2023-01-31 06:00:41,-18.8333,-63.4667,66.69,98,73,0.85
509,Letlhakane,BW,2023-01-31 06:00:41,-21.4167,25.5833,71.71,73,91,14.27
510,Syktyvkar,RU,2023-01-31 06:00:42,61.6764,50.8099,20.93,92,75,13.42
511,Orange Cove,US,2023-01-31 06:00:42,36.6244,-119.3137,42.6,95,0,4.61
512,Lekoni,GA,2023-01-31 06:00:43,-1.5843,14.2591,70.9,85,83,4.32
513,Pitiquito,MX,2023-01-31 06:00:43,30.7,-112.0833,53.46,67,0,4.16
514,Rehoboth,NA,2023-01-31 05:59:38,-23.3167,17.0833,75.2,49,93,8.1
515,Requena,ES,2023-01-31 06:00:44,39.4883,-1.1004,33.78,59,4,5.77
516,Faya,SA,2023-01-31 06:00:44,18.3851,42.4509,58.24,33,29,5.88
517,Ardmore,US,2023-01-31 06:00:45,34.1743,-97.1436,24.46,77,100,14.97
518,Thinadhoo,MV,2023-01-31 06:00:46,0.5333,72.9333,80.94,74,70,7.07
519,Cherskiy,RU,2023-01-31 06:00:47,68.75,161.3,15.53,85,100,4.99
520,Ilulissat,GL,2023-01-31 06:00:47,69.2167,-51.1,14.02,57,100,11.5
521,Moroni,KM,2023-01-31 06:00:47,-11.7022,43.2551,81.88,76,10,4.43
522,Santa Cruz,BO,2023-01-31 05:58:49,-17.8,-63.1667,74.66,94,75,9.22
523,Muros,ES,2023-01-31 06:00:48,42.7762,-9.0603,33.1,94,0,5.19
524,Petauke,ZM,2023-01-31 06:00:48,-14.2426,31.3253,68.86,91,99,7.02
525,Sortland,NO,2023-01-31 06:00:49,68.6949,15.4162,31.39,94,79,0.89
526,Wageningen,NL,2023-01-31 06:00:49,51.9667,5.6667,41.09,93,100,11.5
527,Aasiaat,GL,2023-01-31 06:00:50,68.7098,-52.8699,8.19,91,100,14.27
528,Karabulak,RU,2023-01-31 06:00:51,43.3036,44.8964,34.79,80,31,1.97
529,Ayagoz,KZ,2023-01-31 06:00:51,47.9714,80.4392,12.33,70,47,3.15
530,Fare,PF,2023-01-31 06:00:51,-16.7,-151.0167,81.25,75,3,12.82
531,Ganta,LR,2023-01-31 06:00:52,7.3022,-8.5308,67.46,95,24,1.72
532,Lumphat,KH,2023-01-31 06:00:52,13.4878,106.9816,91.18,35,96,6.11
533,Abonnema,NG,2023-01-31 06:00:53,4.7084,6.7931,78.4,83,100,4.07
534,Shitanjing,CN,2023-01-31 06:00:53,39.2342,106.3439,32.7,18,40,4.05
535,Comodoro Rivadavia,AR,2023-01-31 06:00:16,-45.8667,-67.5,59.23,56,0,12.97
536,Launceston,AU,2023-01-31 06:00:54,-41.45,147.1667,76.64,48,0,19.57
537,Port Macquarie,AU,2023-01-31 06:00:54,-31.4333,152.9167,72.9,73,52,11.63
538,Tadine,NC,2023-01-31 06:00:54,-21.55,167.8833,78.93,76,98,5.59
539,Srednekolymsk,RU,2023-01-31 06:00:55,67.45,153.6833,-4.72,98,100,14.47
540,Hamilton,US,2023-01-31 06:00:55,39.1834,-84.5333,27.73,90,100,5.01
541,Correntina,BR,2023-01-31 06:00:56,-13.3433,-44.6367,66.33,85,31,3.58
542,Caranavi,BO,2023-01-31 06:00:56,-15.8167,-67.55,62.82,99,100,2.28
543,Katsuura,JP,2023-01-31 06:00:57,35.1333,140.3,44.35,45,50,4.7
544,Waipawa,NZ,2023-01-31 06:00:57,-41.4122,175.5153,66.7,79,100,10.29
545,Druzhba,UA,2023-01-31 06:00:58,52.0428,33.9453,27.57,94,100,11.07
546,Teknaf,BD,2023-01-31 06:00:58,20.8624,92.3058,81.41,32,3,8.08
547,Nagpur,IN,2023-01-31 06:00:54,21.15,79.1,78.82,61,20,3.44
548,Megion,RU,2023-01-31 06:00:58,61.0296,76.1136,14.02,95,100,7.94
549,Nuuk,GL,2023-01-31 06:00:33,64.1835,-51.7216,13.14,91,100,18.03
550,Santa Maria,BR,2023-01-31 06:00:59,-29.6842,-53.8069,70.43,49,17,3.31
551,Camapua,BR,2023-01-31 06:00:59,-19.5314,-54.0439,70.29,96,100,1.68
552,Tres Arroyos,AR,2023-01-31 06:01:00,-38.3739,-60.2798,67.98,47,0,8.3
553,Porbandar,IN,2023-01-31 06:01:01,21.6422,69.6093,76.68,28,1,19.55
554,Shar,KZ,2023-01-31 06:01:01,49.5886,81.0453,10.53,79,89,8.52
555,Nipawin,CA,2023-01-31 06:01:13,53.3668,-104.0009,-17.73,98,10,6.4
556,Sjenica,RS,2023-01-31 06:02:02,43.2731,19.9994,22.86,98,100,3.8
557,Ovre Ardal,NO,2023-01-31 06:02:02,61.3167,7.8,27.48,98,100,3.8
558,Polunochnoye,RU,2023-01-31 06:02:02,60.8697,60.4153,4.28,92,35,3.22
559,Opuwo,NA,2023-01-31 06:02:03,-18.0607,13.84,70.05,47,100,0.85
560,Puerto Leguizamo,CO,2023-01-31 06:02:03,-0.1934,-74.7819,70.2,69,75,0.22
561,Fonte Boa,BR,2023-01-31 06:02:03,-2.4959,-66.2662,72.86,98,100,1.45
562,Magan,ES,2023-01-31 06:02:04,39.9683,-3.931,33.53,61,0,3.15
563,Filadelfia,US,2023-01-31 06:01:01,39.9523,-75.1638,47.25,85,44,3.0
564,Ambon,ID,2023-01-31 06:02:04,-3.6954,128.1814,91.54,55,20,9.22
565,Deputatskiy,RU,2023-01-31 06:02:04,69.3,139.9,-14.15,99,100,5.99
566,Buala,SB,2023-01-31 06:02:05,-8.145,159.5921,84.7,66,91,4.43
567,Kultuk,RU,2023-01-31 06:02:05,51.7208,103.6956,17.51,66,49,3.06
568,Lerik,AZ,2023-01-31 06:02:06,38.7726,48.4128,36.23,99,100,3.51
569,Sri Aman,MY,2023-01-31 06:02:06,1.2376,111.4621,84.7,79,93,2.62
570,Nenjiang,CN,2023-01-31 06:02:07,49.1833,125.2167,7.29,87,100,1.59
571,Ostrovnoy,RU,2023-01-31 06:02:08,68.0531,39.5131,24.22,94,100,9.28
572,Businga,CD,2023-01-31 06:02:08,3.3333,20.8833,73.67,70,2,3.94
573,Baghdad,IQ,2023-01-31 06:02:08,33.3406,44.4009,59.5,80,74,19.91
574,Ruwi,OM,2023-01-31 06:02:09,23.5996,58.5507,71.1,57,0,6.76
575,Mnogovershinnyy,RU,2023-01-31 06:02:09,53.9353,139.9242,-4.05,74,100,7.47
576,Vanimo,PG,2023-01-31 06:02:09,-2.6741,141.3028,82.24,84,92,5.79
577,Saint-Francois,FR,2023-01-31 06:02:10,46.4154,3.9054,36.84,100,100,2.3
578,Chake Chake,TZ,2023-01-31 06:02:11,-5.2459,39.7666,80.67,70,98,6.49
